use vk;


insert into users (firstname, lastname, email, password_hash, phone)
values
('Юрий', 'Крупко', 'Rz0v@rus.ru', '2828aa27484--2946478263495=3872e', 84956965550),
('Мария', 'Сергеева', 'Fz1v@rus.ru', 'df282827484--2946478263495=3872e', 84956965551),
('Виктор', 'Володин', 'Hz2v@rus.ru', '2dg82827484--2946478263495=3872e', 84956965552),
('Алексей', 'Диван', 'Wz3v@rus.ru', '282827484--2946478263495=3872e', 84956965553),
('Людмила', 'Машкова', 'Xz4v@rus.ru', '282827484--2946478263495=3872e', 84956965554),
('Зульфия', 'Шушина', 'Pjfjz5v@rus.ru', '2gg82827484--2946478263495=3872e', 84956965555),
('Антон', 'Хворостин', 'YYz6v@rus.ru', '2828ge27484--2946478263495=3872e', 84956965556),
('Анна', 'Ухтычь', 'Tz7v@rus.ru', 'df2a82827484--2946478263495=3872e', 84956965557),
('Василий', 'Сваслов', 'z8v@rus.ru', '2828df27484--2946478263495=3872e', 84956965558),
('Александр', 'Домин', 'Mz9v@rus.ru', '282827484--2946478263495=3872e', 84956965559),
('Александра', 'Старина', 'Lz10v@rus.ru', '28sd2827484--2946478263495=3872e', 84956955510),
('Алексей', 'Творог', 'Uz11v@rus.ru', '282827484--2946478263495=3872e', 89569655511),
('Павел', 'Индусов', 'Az12v@rus.ru', '2828sdf27484--2946478263495=3872e', 84969655512),
('Ольга', 'Бурят', 'Dz13v@rus.ru', '282827484--2946478263495=3872e', 89569655513),
('Александр', 'Хиткок', 'Bz14v@rus.ru', '28df2827484--2946478263495=3872e', 84956655514);

insert into friend_requests (initiator_user_id, target_user_id, status)
values
(3, 2, 'requested'),
(4, 1, 'requested'),
(12, 7, 'requested'),
(4, 12, 'requested'),
(8, 13, 'requested'),
(12, 15, 'requested'),
(7, 2, 'requested'),
(6, 4, 'requested'),
(3, 1, 'requested'),
(1, 2, 'requested');

update friend_requests
set status = 'approved'
where initiator_user_id > target_user_id;

insert into media_types (name)
values
('PNG'), ('JPEG'), ('GIF'), ('RAW'), ('TIFF'), ('BMP'), ('PSD'), ('AVI'), ('MKV'), ('ASF'), ('MP4'), ('FLV');

insert into media (media_type_id, user_id, body, filename, `size`)
values
(2, 12, null, 'фото', 6584210),
(3, 2, null, 'img', 4561724),
(2, 3, null, '24234', 2104210),
(1, 1, null, 'i8vs', 6942210),
(1, 15, null, 'sdf2f', 204210),
(2, 10, null, 'фото', 3684210),
(3, 4, null, 'ga4', 329004),
(1, 3, null, 'kfk', 3444210),
(4, 5, null, '4g54h', 452345210),
(2, 6, null, 'ghdgh', 4535454),
(1, 7, null, 't5', 567567),
(2, 9, null, 'wg5', 32035410),
(3, 12, null, 'wht', 24556577),
(2, 3, null, '66', 97547),
(4, 2, null, '5536', 8467686),
(2, 6, null, '1', 4115210);

insert into photo_albums (name, user_id)
values
('Фоточки', 12),
('Мои фото', 2),
('Фотки', 3),
('Фото', 10),
('фт', 15),
('Новый год', 10),
('Фото', 4),
('Фотографии', 5);

insert into photos (album_id, media_id)
values
(3, 4),
(1, 8),
(2, 1),
(8, 7),
(2, 2),
(7, 3),
(7, 6),
(5, 5);

insert into profiles (user_id, gender, birthday, photo_id, hometown)
values
(1, 'м', '2000-10-23', 2, 'Воронеж'),
(2, 'ж', '2018-2-23', 1, 'Суздаль'),
(3, 'м', '2003-12-23', 3, 'Ростов'),
(4, 'м', '2007-10-23', 5, 'Орел'),
(5, 'ж', '2005-10-23', 4, 'Муром'),
(6, 'ж', '2018-10-23', 6, 'Ростов'),
(7, 'м', '2012-10-23', 8, 'Ижевск'),
(8, 'ж', '2020-10-23', 7, 'Владикавказ'),
(9, 'м', '2000-10-23', 9, 'Воронеж'),
(10, 'м', '2008-10-23', 11, 'Мурманск'),
(11, 'ж', '2020-10-23', 12, 'Ростов'),
(12, 'м', '2012-10-23', 10, 'Ростов'),
(13, 'м', '2010-10-23', 5, 'Ижевск'),
(14, 'ж', '2012-10-23', 15, 'Суздаль'),
(15, 'м', '2010-10-23', 14, 'Находка');


insert into communities (name, admin_user_id)
values
('Школа №1277', 3),
('Юристы', 7),
('Лучшая музыка!!!', 4),
('Юный кулинар', 12),
('Программирование для чайников)))', 12);

insert into users_communities (user_id, community_id)
values
( 1, 3),
( 3, 4),
( 14, 2),
( 7, 3),
( 3, 3),
( 2, 5),
( 8, 5),
( 9, 1),
( 9, 2),
( 12, 4),
( 4, 5);

insert into messages (from_user_id, to_user_id)
values
(1, 3),
(3, 1),
(12, 6),
(14, 2),
(2, 14);


insert into text_of_messages (initiator_messages_id, body)
values
( 1, 'Привет'),
( 3, 'Давай знакомиться.'),
( 4, 'Прив! Ты в универе сегодня был?'),
( 2, 'Хай!'),
( 5, 'Не, болею.'),
( 1, 'Сегодня в кино идем?'),
( 4, 'Выздоравливай.'),
( 3, 'Ты меня иноришь?'),
( 2, 'Давай, я фильм выбираю.'),
( 1, 'Согласен.');

insert into news_feed (user_id, media_id, body)
values
( 9, null, 'В России стартовала продажа автомобилей Cinavu Ezdoki в комплектации "Президентский экста супер люкс"'),
( 3, 7, 'В Казани снова ясное небо )))'),
( 14, 6, 'Всем привет, оцените мое фото, плиз!!');

insert into comments (user_id, news_feed_id, media_id, body)
values
( 3, 1, null, 'Отстойные автомобили, я за отечественного производителя топлю'),
( 8, 2, null, 'Ура!!!'),
( 8, null, 7, 'Классное фото!'),
( 13, 3, null, 'Милое личико'),
( 1, 2, null, 'Еду к вам, в Казань!'),
( 6, 1, null, 'Куплю себе такой.');

insert into likes (user_id, media_id, news_feed_id, comments_id)
values
( 7, null, 3, null),
( 1, 4, null, null),
( 9, null, null, 3),
( 12, null, 1, null),
( 8, null, 2, null),
( 12, 6, null, null),
( 3, null, null, 1),
( 4, null, 3, null);



-- delete from profiles;
-- 
-- ALTER TABLE profiles AUTO_INCREMENT=1;
